slug,title,category,priority,status,note
char-count,文字数カウント,text,1,done,見本
subnet-calculator,サブネット計算機,network,1,done,batch1 2026-09-10
chmod-calculator,chmod パーミッション計算機,linux,1,done,batch1 2026-09-10
cron-parser,cron 式の解読・生成,linux,1,done,batch1 2026-09-10
byte-converter,バイト換算,dev,1,done,batch1 2026-09-10
json-formatter,JSON 整形・検証,dev,1,done,batch1 2026-09-10
base64,Base64 エンコード・デコード,dev,1,done,batch1 2026-09-10
url-encode,URL エンコード・デコード,dev,1,done,batch1 2026-09-10
unix-time,UNIX時間⇄日時,time,1,done,batch1 2026-09-10
password-generator,パスワード生成,security,1,done,batch1 2026-09-10
hash-generator,ハッシュ計算,security,1,done,batch1 2026-09-10
regex-tester,正規表現テスター,text,1,done,batch1 2026-09-10
date-diff,日数計算,time,1,done,batch1 2026-09-10
cidr-mask-converter,サブネットマスク⇄CIDR⇄ワイルドカード,network,2,done,batch2A 2026-09-10
ip-in-range,IPアドレスが範囲内か判定,network,2,done,batch2A 2026-09-10
ipv6-expander,IPv6 省略⇄展開,network,2,done,batch2A 2026-09-10
mac-address-format,MACアドレス表記変換・ベンダー判定なし,network,2,done,batch2A 2026-09-10
umask-calculator,umask 計算,linux,2,done,batch2B 2026-09-10
crontab-generator,cron 生成専用,linux,3,dropped,cron-parser にジェネレータ内蔵のため不要
ls-permission-decoder,ls -l の読み方,linux,3,done,batch2E 2026-09-10
systemd-timer,systemd timer OnCalendar 解読,linux,2,done,batch2B 2026-09-10
cert-decoder,証明書(PEM)デコード,security,2,done,batch3F 2026-09-10
jwt-decoder,JWT デコード,security,2,done,batch2C 2026-09-10
uuid-generator,UUID v4/v7 生成,dev,2,done,batch2C 2026-09-10
timestamp-format,日付フォーマット変換(strftime/ISO),time,2,done,batch2D 2026-09-10
timezone-converter,タイムゾーン変換,time,2,done,batch2D 2026-09-10
epoch-batch,エポック秒 一括変換,time,3,done,batch3F 2026-09-10
log-timestamp,ログのタイムスタンプ整形,linux,3,done,batch3F 2026-09-10
yaml-json,YAML⇄JSON,dev,2,done,batch3F 2026-09-10
csv-json,CSV⇄JSON,dev,2,done,batch2D 2026-09-10
sql-formatter,SQL 整形,dev,2,done,batch2E 2026-09-10
diff-text,テキスト差分,text,2,done,batch2E 2026-09-10
line-sort-uniq,行のソート・重複削除,text,2,done,batch2E 2026-09-10
case-converter,camel/snake/kebab 変換,text,2,done,batch2C 2026-09-10
html-escape,HTML エスケープ,text,2,done,batch2C 2026-09-10
color-converter,HEX⇄RGB⇄HSL,dev,3,done,batch3G 2026-09-10
qr-generator,QRコード生成,dev,3,done,batch3G 2026-09-10
bandwidth-calc,転送時間・帯域計算,network,2,done,batch2D 2026-09-10
raid-calculator,RAID 容量計算,linux,2,done,batch2B 2026-09-10
uptime-sla,SLA 稼働率→許容停止時間,linux,1,done,batch2B 2026-09-10
http-status-codes,HTTPステータスコード一覧・検索（意味と対処）,dev,2,done,batch3G 2026-09-10
well-known-ports,ポート番号一覧・検索（well-known / registered）,network,2,done,batch3G 2026-09-10
ascii-unicode-table,ASCII・Unicode コード表と文字→コードポイント変換,text,2,done,batch3H 2026-09-10
shell-escape,シェルのクォート・エスケープ（bash / PowerShell / cmd）,linux,2,done,batch3H 2026-09-10
dns-lookup-explainer,digコマンドの出力の読み方（レコード種別・TTL・フラグ）,network,3,done,batch4I 2026-09-10
nginx-config-checker,nginx location マッチ順の判定（正規表現・前方一致）,linux,3,done,batch4J 2026-09-10
unit-prefix,SI接頭辞・IEC接頭辞 換算（k/M/G/T と Ki/Mi/Gi）,dev,3,done,batch3H 2026-09-10
markdown-table,Markdown 表の整形・CSV から表生成,text,3,done,batch3H 2026-09-10
ssl-cipher-decoder,TLS暗号スイート名の解読と安全性判定,security,2,done,batch4I 2026-09-10
http-header-analyzer,HTTPレスポンスヘッダー解析（セキュリティヘッダーの有無）,security,2,done,batch4I 2026-09-10
url-parser,URL分解・組み立て（スキーム/ホスト/パス/クエリ）,dev,2,done,batch4I 2026-09-10
find-command-builder,findコマンド生成（条件を選んで組み立て）,linux,2,done,batch4J 2026-09-10
rsync-command-builder,rsyncコマンド生成（オプション解説つき）,linux,2,done,batch4J 2026-09-10
tar-command-builder,tar/zip コマンド生成（圧縮・展開・除外）,linux,2,done,batch4J 2026-09-10
number-base-converter,進数変換（2/8/10/16進・ビット演算）,dev,2,done,batch4K 2026-09-10
json-to-typescript,JSONからTypeScript型定義を生成,dev,2,done,batch4K 2026-09-10
sql-in-list,行リストをSQLのIN句・配列リテラルに変換,dev,2,done,batch4K 2026-09-10
dummy-data-generator,テストデータ生成（氏名・住所・メール・日付をCSV/JSONで）,dev,2,done,batch4K 2026-09-10
ssh-config-generator,ssh_config 生成（Host/ProxyJump/鍵指定）,linux,2,done,batch5 2026-09-14
iptables-rule-explainer,iptables / nftables ルールの読み方,linux,3,done,batch7 2026-09-22
systemd-unit-generator,systemd サービスユニットの生成,linux,2,done,batch5 2026-09-14
logrotate-generator,logrotate 設定の生成,linux,3,done,batch7 2026-09-22
docker-run-to-compose,docker run コマンド → docker-compose.yml 変換,dev,2,done,batch5 2026-09-14
crontab-from-schedule,日本語の予定 → cron 式（毎週月曜9時 など）,linux,2,done,batch5 2026-09-14
json-diff,JSON の差分（キー単位）,dev,2,done,batch6 2026-09-17
text-encoding-detector,文字化けの復元（Shift_JIS/EUC-JP/UTF-8 誤判定）,text,2,done,batch6 2026-09-17
ipv4-arithmetic,IP アドレスの加減算・範囲分割（サブネット分割）,network,2,done,batch6 2026-09-17
vlsm-calculator,VLSM 計算（必要ホスト数からサブネット割り当て）,network,2,done,batch6 2026-09-17
mtu-mss-calculator,MTU / MSS 計算（VPN・PPPoE のオーバーヘッド）,network,2,done,batch7 2026-09-22
latency-bandwidth-delay,帯域遅延積と TCP ウィンドウサイズ計算,network,3,done,batch7 2026-09-22
zenkaku-hankaku,全角⇄半角変換（英数・記号・カナ）,text,2,done,batch8 本部企画 2026-09-24
wareki-converter,和暦⇄西暦変換（明治〜令和・改元日の境界）,time,2,done,batch8 本部企画 2026-09-24
cidr-aggregator,CIDR 集約（経路集約・重複除去）,network,2,done,batch8 本部企画 2026-09-24
k8s-resource-units,Kubernetes リソース単位換算（CPU m / メモリ Mi・M）,dev,2,done,batch8 本部企画 2026-09-24
semver-range,semver のバージョン範囲判定（^ ~ >= の意味と一致判定）,dev,2,done,batch9 本部企画 2026-09-28
ip-address-classifier,IPアドレスの種別判定（プライベート・予約・特殊用途 RFC6890）,network,2,done,batch9 本部企画 2026-09-28
duration-converter,時間の長さ換算（秒⇄時分秒・ISO 8601 期間表記）,time,2,done,batch9 本部企画 2026-09-28
unicode-normalizer,Unicode 正規化（NFC/NFD/NFKC/NFKD・Mac の濁点分離）,text,2,done,batch9 本部企画 2026-09-28
age-calculator,年齢計算（生年月日→満年齢・数え年・和暦・干支）,time,1,done,batch10 和暦クラスタ（検索需要確認済み） 2026-09-28
nenrei-hayamihyo,年齢早見表（西暦・和暦・干支・年齢の一覧）,time,1,done,batch10 和暦クラスタ（検索需要確認済み） 2026-09-28
school-year-table,入学・卒業年 早見表（生年月日から小学校〜大学）,time,1,done,batch10 和暦クラスタ（検索需要確認済み） 2026-09-28
toshiiwai-yakudoshi,厄年・年祝い（還暦・古希・喜寿など）早見表,time,1,done,batch10 和暦クラスタ（検索需要確認済み） 2026-09-28
eto-calculator,干支の計算（西暦・和暦→十干十二支・六十干支の番号）,time,1,done,batch11 和暦クラスタ拡張 本部企画 2026-10-01
day-of-week,曜日計算（日付→何曜日・和暦入力可・過去未来の同じ曜日）,time,1,done,batch11 和暦クラスタ拡張 本部企画 2026-10-01
business-days,営業日計算（土日祝を除く日数・○営業日後・日本の祝日）,time,1,done,batch11 本部企画 2026-10-01
iso-week-number,週番号（ISO 8601 週番号・年の第何週）,time,2,done,batch11 本部企画 2026-10-01
age-to-birth-year,年齢→生まれ年・干支の逆算（◯歳は何年生まれ）,time,1,done,"2026-10-02 検索需要「50歳 西暦」「87歳 西暦」「今年43歳 干支」「61歳干支」。年齢と基準日→誕生日前後の2通りの生まれ年（西暦・和暦）と干支。0〜120歳の一覧表も。related: age-calculator, eto-calculator, nenrei-hayamihyo / batch12 2026-10-05"
grade-calculator,学年計算（今◯年生→入学年・卒業年・生まれ年）,time,1,done,"2026-10-02 検索需要「今大学四年生 何年入学」「今大学二年生 入学」「大学入学年度」。学校種別と今の学年→入学年月・卒業年月・生まれ年の範囲（早生まれ考慮・西暦和暦併記）。related: school-year-table, sotsu-hayamihyo / batch12 2026-10-05"
sotsu-hayamihyo,卒年早見表（27卒・28卒は何年生まれ・高校／大学入学年）,time,1,done,"2026-10-02 検索需要「27卒 高校入学」「令和 8年 入学 大学 卒業 いつ」。◯◯卒（大卒・院卒・高卒・専門卒）→生まれ年度・各入学年。就活の卒年の数え方（卒業年の下2桁）を解説。related: school-year-table, grade-calculator / batch12 2026-10-05"
hoikuen-class,保育園・幼稚園のクラス年齢早見表（0歳児クラス〜年長・入園卒園年）,time,1,done,"2026-10-02 検索需要「保育園 入園 卒 園 計算」「令和2年生まれ 幼稚園入園」。生年月日→各年度のクラス（0歳児〜5歳児、年少〜年長）と入園・卒園年月、年度の区切り（4/1時点の年齢）を表で。related: school-year-table, age-calculator / batch12 2026-10-05"
gengo-list,元号一覧（明治〜令和の期間・改元日・西暦との対応）,time,1,done,"2026-10-02 検索需要「明治大正昭和平成令和」「昭和年号 西暦」「明治45年は西暦何年」。5元号の開始日・終了日・年数、改元年の扱い（明治45年=大正元年など）、元号→西暦の換算式。元号法・改元の政令を出典に。related: wareki-converter, nenrei-hayamihyo / batch13 2026-10-08"
utc-offset-list,UTCオフセット一覧と日本時間との時差（UTC-7とは）,time,1,done,"2026-10-02 検索需要「utc-7とは」「utc+4」「utc 11時」「2:00 utc」「utc 夏時間」。UTC-12〜+14の一覧（代表都市・夏時間の有無・JSTとの差）と、UTC±hh:mm の時刻→日本時間の即時換算。IANA tz を出典に。related: timezone-converter, unix-time / batch13 2026-10-08"
utf8-byte-decoder,UTF-8 バイト列⇄文字（0xE3 0x80 0x80 → 全角スペース）,text,2,todo,"2026-10-02 検索需要「0xe3」「<0xe3><0x80><0x80>」「0xe2」「00a0 文字コード」。16進バイト列（0x 付き・\x 付き・%エンコード・<0x..>・スペース区切り）→文字とコードポイント、逆に文字→UTF-8/UTF-16/Shift_JIS のバイト列。不正なバイト列はどこで壊れたかを表示。related: ascii-unicode-table, text-encoding-detector, url-encode"
unicode-block-list,Unicode ブロック一覧（ひらがな・カタカナ・CJK などの範囲）,text,2,todo,"2026-10-02 検索需要「unicode 表」「unicode一覧」「utf-16コード表」。主要ブロックの範囲（U+3040〜309F 等）と文字の一覧表示、正規表現での範囲指定例。related: ascii-unicode-table, regex-tester"
zenkaku-checker,全角・半角の混在チェック（全角英数・全角スペースを色分け）,text,2,todo,"2026-10-02 検索需要「全角半角チェック」「カタカナ 半角 変換」。貼った文章の全角英数・全角スペース・半角カナ・NBSP などを色分けし、件数と位置を一覧。ワンクリックで統一。related: zenkaku-hankaku, char-count, ascii-unicode-table"
dakuten-tool,濁点・半濁点の付け外しと小書き文字の変換（か→が・つ→っ）,text,2,todo,"2026-10-02 検索需要「濁点つけるツール」。文字列の濁点付与・除去、半濁点、小書き⇄大書き、結合文字（U+3099）と合成済み文字の相互変換。related: unicode-normalizer, zenkaku-hankaku"
ipv6-subnet-calculator,IPv6 サブネット計算（/48・/56・/64 の分割とアドレス数）,network,2,todo,"2026-10-02 本部企画。IPv6プレフィックス→ネットワーク範囲・/64の個数・分割一覧、RFC 4291/RFC 6177 を出典に。IPv4 の subnet-calculator に対応する穴。related: ipv6-expander, subnet-calculator"
openssl-command-builder,openssl コマンド生成（CSR作成・証明書確認・形式変換）,security,2,todo,"2026-10-02 本部企画。目的（秘密鍵+CSR作成、証明書の中身確認、PEM⇄DER⇄PFX 変換、有効期限確認、s_client 接続テスト）を選ぶと正しいコマンドを生成。SAN付きCSRの -addext。related: cert-decoder, ssl-cipher-decoder"
curl-command-builder,curl コマンド生成（ヘッダー・POST・認証・タイムアウト）,dev,3,todo,"2026-10-02 本部企画。メソッド・URL・ヘッダー・JSONボディ・Basic/Bearer・-k/-L/--max-time などを選んでコマンド生成、PowerShell 用の引用符にも切替。related: http-status-codes, http-header-analyzer, shell-escape"
htpasswd-generator,htpasswd 生成（Basic 認証の bcrypt / APR1 ハッシュ）,security,3,todo,"2026-10-02 本部企画。ユーザー名とパスワード→.htpasswd 1行（bcrypt と apr1-MD5 を純JSで実装、テストベクタで検証）。入力はブラウザ外に出ない旨を明記。related: password-generator, hash-generator"
wareki-year-pages,和暦◯年は西暦何年（明治元年〜令和の年ごとページ）,time,2,idea,2026-10-02 検索需要「平成23年は西暦何年ですか」「平成22年…」「昭和24年西暦」など年ごとの検索が最多。年ごとページ（干支・その年生まれの年齢・入学卒業年をまとめた厚いページ）の生成には build.py の拡張が必要。2026-08 の量産ページ対策に注意して本部が設計してから着手
kyureki-converter,旧暦⇄新暦変換,time,3,idea,2026-10-02 検索需要「旧暦 西暦 変換」。正確な計算には天文計算か旧暦の表データが必要。出典と精度を確保できるまで保留
